comment_id,employee_id,project_id,text
1,55,10,"Lorem ipsum dolor sit amet, consectetuer adipiscing elit. Curabitur sed tortor."
2,31,9,"Lorem ipsum dolor sit amet, consectetuer adipiscing elit. Curabitur sed tortor. Integer aliquam adipiscing"
3,61,8,"Lorem ipsum dolor sit amet, consectetuer adipiscing elit. Curabitur sed tortor. Integer aliquam adipiscing"
4,82,2,"Lorem ipsum dolor sit amet, consectetuer adipiscing elit. Curabitur sed tortor. Integer aliquam adipiscing lacus. Ut nec"
5,81,10,"Lorem ipsum dolor sit amet, consectetuer adipiscing elit. Curabitur sed tortor. Integer aliquam"
6,56,4,"Lorem ipsum dolor sit amet, consectetuer adipiscing elit. Curabitur sed tortor. Integer aliquam adipiscing"
7,1,8,"Lorem ipsum dolor sit amet, consectetuer adipiscing elit. Curabitur sed tortor. Integer aliquam adipiscing lacus. Ut nec"
8,61,7,"Lorem ipsum dolor sit amet, consectetuer adipiscing elit. Curabitur"
9,8,3,"Lorem ipsum dolor sit amet, consectetuer adipiscing elit. Curabitur sed"
10,76,4,"Lorem ipsum dolor sit amet, consectetuer"
11,61,9,"Lorem ipsum dolor sit amet,"
12,99,2,"Lorem ipsum dolor sit amet, consectetuer adipiscing elit. Curabitur sed tortor. Integer aliquam adipiscing lacus. Ut nec urna et"
13,57,8,"Lorem ipsum dolor sit amet, consectetuer adipiscing elit. Curabitur sed tortor. Integer aliquam adipiscing lacus. Ut"
14,18,6,"Lorem ipsum dolor sit amet, consectetuer adipiscing elit. Curabitur sed tortor. Integer aliquam adipiscing lacus. Ut nec urna"
15,98,4,"Lorem ipsum dolor sit amet, consectetuer adipiscing elit. Curabitur sed tortor. Integer aliquam adipiscing lacus. Ut nec urna"
16,51,10,"Lorem ipsum dolor sit amet, consectetuer adipiscing elit."
17,11,10,"Lorem ipsum dolor sit amet, consectetuer adipiscing elit. Curabitur sed tortor. Integer aliquam adipiscing lacus. Ut nec urna et"
18,87,6,"Lorem ipsum dolor sit amet, consectetuer adipiscing elit. Curabitur sed tortor. Integer aliquam adipiscing"
19,13,7,"Lorem ipsum dolor sit amet, consectetuer adipiscing elit. Curabitur sed tortor. Integer aliquam adipiscing lacus. Ut nec"
20,49,4,"Lorem ipsum dolor sit amet, consectetuer"
21,56,10,"Lorem ipsum dolor sit amet, consectetuer adipiscing elit. Curabitur sed tortor. Integer aliquam adipiscing lacus. Ut nec urna et arcu"
22,58,10,"Lorem ipsum dolor sit amet, consectetuer"
23,48,6,"Lorem ipsum dolor sit amet, consectetuer adipiscing elit. Curabitur sed tortor. Integer aliquam adipiscing lacus. Ut nec urna et"
24,17,8,"Lorem ipsum dolor sit amet, consectetuer adipiscing elit. Curabitur sed tortor. Integer"
25,3,7,"Lorem ipsum dolor sit amet, consectetuer adipiscing elit. Curabitur sed tortor. Integer aliquam adipiscing lacus. Ut nec urna"
26,86,2,"Lorem ipsum dolor sit amet, consectetuer adipiscing elit. Curabitur sed tortor. Integer aliquam adipiscing lacus. Ut nec"
27,8,3,"Lorem ipsum dolor sit amet, consectetuer adipiscing elit. Curabitur sed tortor. Integer aliquam adipiscing lacus. Ut"
28,1,2,"Lorem ipsum dolor sit amet, consectetuer adipiscing elit. Curabitur"
29,59,3,"Lorem ipsum dolor sit amet, consectetuer adipiscing elit. Curabitur sed tortor. Integer aliquam adipiscing lacus. Ut nec urna et"
30,38,8,"Lorem ipsum dolor sit amet, consectetuer adipiscing elit. Curabitur"
31,48,4,"Lorem ipsum dolor sit amet, consectetuer adipiscing elit. Curabitur"
32,44,9,"Lorem ipsum dolor sit amet, consectetuer adipiscing elit. Curabitur"
33,56,4,"Lorem ipsum dolor sit amet, consectetuer adipiscing elit. Curabitur sed tortor. Integer aliquam adipiscing lacus. Ut nec"
34,45,6,"Lorem ipsum dolor sit amet, consectetuer adipiscing elit. Curabitur sed tortor. Integer aliquam"
35,91,6,"Lorem ipsum dolor sit amet, consectetuer adipiscing elit."
36,76,5,"Lorem ipsum dolor sit amet, consectetuer adipiscing elit. Curabitur sed tortor."
37,55,5,"Lorem ipsum dolor sit amet, consectetuer adipiscing elit. Curabitur sed tortor. Integer aliquam adipiscing lacus. Ut"
38,29,5,"Lorem ipsum dolor sit amet, consectetuer adipiscing elit. Curabitur sed tortor. Integer aliquam adipiscing lacus. Ut nec urna"
39,58,1,"Lorem ipsum dolor sit amet, consectetuer adipiscing"
40,50,5,"Lorem ipsum dolor sit amet, consectetuer adipiscing elit. Curabitur sed tortor. Integer aliquam adipiscing lacus. Ut nec urna et"
41,80,10,"Lorem ipsum dolor sit amet, consectetuer adipiscing elit."
42,8,4,"Lorem ipsum dolor sit amet, consectetuer"
43,34,10,"Lorem ipsum dolor sit amet, consectetuer adipiscing elit. Curabitur sed tortor. Integer"
44,14,4,"Lorem ipsum dolor sit amet,"
45,66,3,"Lorem ipsum dolor sit amet, consectetuer adipiscing elit. Curabitur sed tortor. Integer aliquam adipiscing"
46,87,1,"Lorem ipsum dolor sit amet, consectetuer adipiscing elit. Curabitur sed tortor. Integer aliquam adipiscing lacus. Ut nec urna et arcu"
47,27,6,"Lorem ipsum dolor sit amet, consectetuer adipiscing elit. Curabitur sed tortor. Integer"
48,97,9,"Lorem ipsum dolor sit amet, consectetuer adipiscing elit. Curabitur sed tortor. Integer aliquam adipiscing lacus. Ut nec urna et arcu"
49,83,5,"Lorem ipsum dolor sit amet,"
50,97,10,"Lorem ipsum dolor sit amet, consectetuer adipiscing elit. Curabitur sed tortor. Integer aliquam"
51,88,8,"Lorem ipsum dolor sit amet, consectetuer adipiscing elit. Curabitur sed tortor."
52,11,9,"Lorem ipsum dolor sit amet, consectetuer adipiscing elit. Curabitur sed tortor. Integer aliquam adipiscing lacus. Ut nec"
53,23,2,"Lorem ipsum dolor sit amet, consectetuer adipiscing elit. Curabitur sed tortor. Integer aliquam adipiscing lacus. Ut"
54,72,3,"Lorem ipsum dolor sit amet, consectetuer"
55,75,10,"Lorem ipsum dolor sit amet, consectetuer adipiscing elit. Curabitur sed"
56,33,8,"Lorem ipsum dolor sit amet, consectetuer adipiscing elit. Curabitur sed tortor."
57,33,1,"Lorem ipsum dolor sit amet, consectetuer adipiscing elit. Curabitur sed tortor. Integer aliquam adipiscing lacus. Ut nec urna et arcu"
58,82,1,"Lorem ipsum dolor sit amet, consectetuer adipiscing elit. Curabitur sed tortor. Integer aliquam adipiscing lacus. Ut nec urna"
59,80,9,"Lorem ipsum dolor sit amet, consectetuer adipiscing elit. Curabitur"
60,86,9,"Lorem ipsum dolor sit amet, consectetuer adipiscing elit."
61,36,7,"Lorem ipsum dolor sit amet, consectetuer adipiscing elit. Curabitur sed tortor. Integer aliquam adipiscing lacus. Ut nec urna et"
62,80,8,"Lorem ipsum dolor sit amet, consectetuer adipiscing elit. Curabitur sed tortor. Integer aliquam adipiscing lacus. Ut"
63,60,1,"Lorem ipsum dolor sit amet, consectetuer adipiscing elit. Curabitur sed tortor. Integer aliquam adipiscing lacus. Ut nec urna"
64,33,8,"Lorem ipsum dolor sit amet, consectetuer adipiscing"
65,42,5,"Lorem ipsum dolor sit amet,"
66,79,9,"Lorem ipsum dolor sit amet, consectetuer adipiscing elit. Curabitur sed tortor. Integer aliquam adipiscing lacus. Ut nec urna"
67,19,2,"Lorem ipsum dolor sit amet, consectetuer adipiscing elit. Curabitur sed tortor. Integer aliquam adipiscing lacus. Ut nec urna et"
68,16,10,"Lorem ipsum dolor sit amet, consectetuer adipiscing elit. Curabitur sed tortor. Integer aliquam adipiscing lacus. Ut nec urna et"
69,99,8,"Lorem ipsum dolor sit amet, consectetuer adipiscing elit. Curabitur sed tortor. Integer aliquam adipiscing lacus. Ut nec"
70,26,6,"Lorem ipsum dolor sit amet, consectetuer adipiscing elit. Curabitur sed tortor. Integer aliquam adipiscing"
71,46,10,"Lorem ipsum dolor sit amet, consectetuer adipiscing elit. Curabitur"
72,38,8,"Lorem ipsum dolor sit amet, consectetuer"
73,10,4,"Lorem ipsum dolor sit amet, consectetuer"
74,96,7,"Lorem ipsum dolor sit amet, consectetuer adipiscing elit. Curabitur sed tortor. Integer aliquam adipiscing lacus. Ut nec urna"
75,9,1,"Lorem ipsum dolor sit amet, consectetuer adipiscing elit. Curabitur sed"
76,15,9,"Lorem ipsum dolor sit amet, consectetuer adipiscing"
77,100,1,"Lorem ipsum dolor sit amet, consectetuer adipiscing elit. Curabitur"
78,91,2,"Lorem ipsum dolor sit amet, consectetuer adipiscing elit."
79,84,2,"Lorem ipsum dolor sit amet, consectetuer adipiscing elit. Curabitur sed tortor. Integer aliquam adipiscing lacus. Ut nec urna et arcu"
80,62,5,"Lorem ipsum dolor sit amet, consectetuer adipiscing elit. Curabitur sed tortor. Integer aliquam"
81,21,9,"Lorem ipsum dolor sit amet, consectetuer adipiscing elit. Curabitur sed tortor. Integer"
82,49,3,"Lorem ipsum dolor sit amet, consectetuer adipiscing elit."
83,56,4,"Lorem ipsum dolor sit amet, consectetuer adipiscing elit. Curabitur sed tortor. Integer aliquam"
84,66,3,"Lorem ipsum dolor sit amet, consectetuer adipiscing elit."
85,50,4,"Lorem ipsum dolor sit amet, consectetuer adipiscing elit. Curabitur"
86,82,6,"Lorem ipsum dolor sit amet, consectetuer"
87,95,6,"Lorem ipsum dolor sit amet, consectetuer adipiscing"
88,21,5,"Lorem ipsum dolor sit amet, consectetuer adipiscing elit. Curabitur sed"
89,42,3,"Lorem ipsum dolor sit amet, consectetuer adipiscing elit. Curabitur sed tortor. Integer"
90,37,9,"Lorem ipsum dolor sit amet, consectetuer adipiscing elit. Curabitur sed tortor. Integer aliquam adipiscing lacus. Ut nec urna et"
91,90,1,"Lorem ipsum dolor sit amet, consectetuer adipiscing elit. Curabitur sed tortor. Integer aliquam adipiscing lacus. Ut nec"
92,38,6,"Lorem ipsum dolor sit amet,"
93,60,2,"Lorem ipsum dolor sit amet, consectetuer adipiscing elit. Curabitur sed"
94,15,8,"Lorem ipsum dolor sit amet, consectetuer adipiscing elit. Curabitur sed tortor. Integer aliquam adipiscing lacus."
95,35,3,"Lorem ipsum dolor sit amet,"
96,62,1,"Lorem ipsum dolor sit amet, consectetuer adipiscing elit. Curabitur sed tortor. Integer aliquam"
97,73,1,"Lorem ipsum dolor sit amet, consectetuer"
98,88,3,"Lorem ipsum dolor sit amet, consectetuer adipiscing elit. Curabitur sed tortor. Integer aliquam"
99,21,7,"Lorem ipsum dolor sit amet, consectetuer adipiscing elit. Curabitur sed tortor. Integer aliquam adipiscing lacus. Ut nec"
100,70,1,"Lorem ipsum dolor sit amet, consectetuer adipiscing elit. Curabitur sed tortor. Integer aliquam adipiscing lacus."