task_id,priority_id,workflow_id,assignee_id,reporter_id,project_id,title,description,dueto,closed
1,3,4,56,48,1,malesuada fames,"Lorem ipsum dolor sit amet, consectetuer adipiscing elit. Curabitur sed tortor. Integer aliquam adipiscing lacus. Ut nec urna et",22.02.2013,1
2,4,3,37,49,1,"hendrerit a,","Lorem ipsum dolor sit amet, consectetuer adipiscing elit. Curabitur sed tortor. Integer aliquam adipiscing lacus.",28.05.2012,0
3,3,4,57,23,1,netus et,"Lorem ipsum dolor sit amet, consectetuer adipiscing elit. Curabitur sed tortor. Integer aliquam adipiscing lacus.",24.08.2013,0
4,1,4,29,16,1,nunc. Quisque,"Lorem ipsum dolor sit amet, consectetuer adipiscing elit. Curabitur sed tortor. Integer aliquam adipiscing lacus. Ut nec urna et",07.03.2012,1
5,3,3,22,85,6,diam eu,"Lorem ipsum dolor sit amet, consectetuer adipiscing elit. Curabitur sed tortor. Integer aliquam",16.02.2012,1
6,4,1,70,96,1,tellus. Phasellus,"Lorem ipsum dolor sit amet, consectetuer",11.01.2012,1
7,3,4,56,56,10,purus. Duis,"Lorem ipsum dolor sit amet, consectetuer adipiscing elit. Curabitur sed tortor. Integer aliquam adipiscing",03.02.2013,0
8,2,1,14,56,10,Donec egestas.,"Lorem ipsum dolor sit amet, consectetuer adipiscing elit. Curabitur sed tortor.",15.07.2013,1
9,4,3,37,35,10,cursus. Integer,"Lorem ipsum dolor sit amet, consectetuer adipiscing elit. Curabitur sed tortor. Integer aliquam adipiscing lacus. Ut nec urna",06.01.2013,1
10,1,4,54,19,5,facilisis. Suspendisse,"Lorem ipsum dolor sit amet, consectetuer adipiscing elit. Curabitur sed tortor. Integer aliquam adipiscing lacus. Ut",29.07.2013,1
11,4,3,37,79,10,tempor diam,"Lorem ipsum dolor sit amet, consectetuer adipiscing elit. Curabitur sed tortor. Integer aliquam adipiscing lacus. Ut nec urna",18.08.2012,0
12,1,1,70,10,2,Nulla dignissim.,"Lorem ipsum dolor sit amet, consectetuer adipiscing elit. Curabitur sed tortor. Integer aliquam adipiscing lacus. Ut nec",26.09.2013,1
13,1,2,18,99,4,sit amet,"Lorem ipsum dolor sit amet, consectetuer adipiscing elit. Curabitur sed tortor. Integer aliquam adipiscing lacus. Ut nec",19.12.2012,1
14,4,3,50,41,5,a purus.,"Lorem ipsum dolor sit amet, consectetuer adipiscing elit. Curabitur sed",01.06.2012,0
15,4,4,2,99,1,erat neque,"Lorem ipsum dolor sit amet, consectetuer adipiscing elit. Curabitur sed tortor.",15.11.2012,0
16,4,2,19,97,9,arcu et,"Lorem ipsum dolor sit amet, consectetuer adipiscing elit. Curabitur sed tortor. Integer aliquam adipiscing lacus. Ut nec urna",26.06.2012,1
17,2,1,60,74,3,tristique neque,"Lorem ipsum dolor sit amet, consectetuer adipiscing elit. Curabitur",09.09.2013,0
18,1,4,39,66,5,et nunc.,"Lorem ipsum dolor sit amet, consectetuer adipiscing elit. Curabitur sed tortor. Integer aliquam adipiscing lacus. Ut nec urna et",15.08.2013,0
19,4,4,29,82,8,"ultrices, mauris","Lorem ipsum dolor sit amet, consectetuer adipiscing elit. Curabitur sed tortor. Integer aliquam adipiscing lacus. Ut nec urna et arcu",25.02.2013,1
20,2,2,40,6,4,"dictum eleifend,","Lorem ipsum dolor sit amet, consectetuer adipiscing elit. Curabitur sed tortor. Integer aliquam adipiscing lacus. Ut nec urna et",22.06.2013,1
21,3,4,28,76,5,nascetur ridiculus,"Lorem ipsum dolor sit amet, consectetuer adipiscing elit. Curabitur sed tortor. Integer aliquam adipiscing lacus. Ut nec urna et",22.06.2012,1
22,3,2,22,6,4,dictum. Phasellus,"Lorem ipsum dolor sit amet, consectetuer adipiscing elit. Curabitur sed tortor. Integer",21.09.2013,0
23,1,4,69,85,7,ut mi.,"Lorem ipsum dolor sit amet, consectetuer adipiscing elit. Curabitur sed tortor. Integer",24.06.2013,1
24,1,1,1,55,5,"vulputate, lacus.","Lorem ipsum dolor sit amet, consectetuer adipiscing elit.",11.06.2013,1
25,3,3,53,16,3,sociis natoque,"Lorem ipsum dolor sit amet, consectetuer adipiscing elit. Curabitur sed tortor. Integer aliquam adipiscing lacus. Ut nec",13.02.2013,1
26,1,1,64,45,3,egestas ligula.,"Lorem ipsum dolor sit amet, consectetuer adipiscing elit. Curabitur sed tortor. Integer aliquam adipiscing",17.09.2012,0
27,2,3,18,96,6,"lobortis, nisi","Lorem ipsum dolor sit amet, consectetuer adipiscing elit. Curabitur sed tortor. Integer aliquam adipiscing lacus. Ut nec urna et",09.08.2012,1
28,3,4,23,18,9,nascetur ridiculus,"Lorem ipsum dolor sit amet, consectetuer adipiscing",24.11.2012,1
29,1,4,52,35,6,Sed nulla,"Lorem ipsum dolor sit amet, consectetuer adipiscing elit.",29.04.2012,1
30,3,1,7,96,5,eu neque,"Lorem ipsum dolor sit amet, consectetuer adipiscing elit. Curabitur sed",11.01.2012,1
31,2,3,50,82,3,tellus justo,"Lorem ipsum dolor sit amet, consectetuer adipiscing elit. Curabitur sed tortor. Integer aliquam adipiscing",07.05.2012,0
32,3,4,14,37,5,diam. Sed,"Lorem ipsum dolor sit amet, consectetuer adipiscing elit. Curabitur sed tortor. Integer aliquam adipiscing lacus. Ut nec urna et arcu",12.04.2012,1
33,2,3,63,85,3,"est, mollis","Lorem ipsum dolor sit amet, consectetuer adipiscing elit. Curabitur sed tortor. Integer",02.03.2013,1
34,1,3,57,73,3,gravida sagittis.,"Lorem ipsum dolor sit amet, consectetuer adipiscing elit. Curabitur sed tortor. Integer",09.02.2013,1
35,4,1,25,5,8,"lobortis quis,","Lorem ipsum dolor sit amet, consectetuer",21.08.2012,0
36,4,2,47,31,7,sit amet,"Lorem ipsum dolor sit amet, consectetuer adipiscing elit. Curabitur sed tortor. Integer aliquam adipiscing lacus. Ut nec urna",03.01.2012,1
37,2,3,53,49,9,amet diam,"Lorem ipsum dolor sit amet, consectetuer adipiscing elit. Curabitur sed",08.03.2012,0
38,4,1,56,10,4,faucibus. Morbi,"Lorem ipsum dolor sit amet, consectetuer adipiscing elit. Curabitur sed tortor. Integer aliquam adipiscing lacus.",02.09.2013,0
39,2,4,8,24,10,"eu, odio.","Lorem ipsum dolor sit amet, consectetuer adipiscing elit. Curabitur sed tortor. Integer aliquam",23.05.2012,1
40,2,1,8,6,9,Sed et,"Lorem ipsum dolor sit amet, consectetuer adipiscing elit. Curabitur sed tortor. Integer aliquam adipiscing lacus. Ut nec urna et arcu",10.06.2013,0
41,3,3,40,57,10,"erat, in","Lorem ipsum dolor sit amet, consectetuer adipiscing elit. Curabitur sed tortor. Integer aliquam adipiscing lacus.",07.05.2013,1
42,1,2,60,37,8,"semper, dui","Lorem ipsum dolor sit amet, consectetuer adipiscing elit. Curabitur sed tortor.",02.08.2012,0
43,2,3,29,44,8,"felis, adipiscing","Lorem ipsum dolor sit amet, consectetuer adipiscing elit.",28.10.2012,0
44,1,2,14,95,4,leo elementum,"Lorem ipsum dolor sit amet,",15.11.2013,0
45,4,3,43,79,5,"lorem, luctus","Lorem ipsum dolor sit amet, consectetuer adipiscing elit. Curabitur sed tortor. Integer aliquam",05.08.2012,1
46,3,2,65,41,9,ultricies dignissim,"Lorem ipsum dolor sit amet, consectetuer adipiscing elit. Curabitur sed tortor. Integer aliquam adipiscing",14.12.2013,0
47,4,4,57,60,10,mollis. Phasellus,"Lorem ipsum dolor sit amet, consectetuer adipiscing elit. Curabitur sed tortor. Integer aliquam adipiscing lacus. Ut",27.02.2012,0
48,2,4,70,73,1,lacus. Quisque,"Lorem ipsum dolor sit amet, consectetuer adipiscing elit. Curabitur sed tortor. Integer aliquam adipiscing lacus. Ut nec",21.01.2012,1
49,3,2,51,10,7,Class aptent,"Lorem ipsum dolor sit amet, consectetuer adipiscing elit. Curabitur sed tortor. Integer aliquam adipiscing lacus.",03.05.2013,0
50,3,3,50,55,10,"Aliquam ornare,","Lorem ipsum dolor sit amet, consectetuer adipiscing elit. Curabitur sed tortor. Integer aliquam adipiscing lacus. Ut nec urna et",05.04.2013,1
51,2,3,29,18,8,sem ut,"Lorem ipsum dolor sit amet, consectetuer adipiscing elit.",18.08.2012,0
52,1,1,64,17,3,Curabitur vel,"Lorem ipsum dolor sit amet, consectetuer",17.10.2013,1
53,1,4,65,66,1,ante. Nunc,"Lorem ipsum dolor sit amet, consectetuer adipiscing elit. Curabitur sed tortor. Integer aliquam adipiscing lacus. Ut nec urna et arcu",27.07.2013,1
54,1,3,20,8,10,amet lorem,"Lorem ipsum dolor sit amet, consectetuer adipiscing elit. Curabitur sed tortor. Integer aliquam adipiscing lacus. Ut nec urna et",22.03.2013,0
55,4,2,29,71,5,eget tincidunt,"Lorem ipsum dolor sit amet, consectetuer adipiscing elit. Curabitur sed tortor. Integer aliquam adipiscing lacus. Ut nec urna et",27.05.2013,1
56,4,4,48,6,5,Lorem ipsum,"Lorem ipsum dolor sit amet, consectetuer adipiscing elit. Curabitur sed tortor. Integer aliquam adipiscing lacus. Ut nec urna et",18.12.2012,1
57,3,4,12,68,4,ante. Vivamus,"Lorem ipsum dolor sit amet, consectetuer adipiscing elit. Curabitur sed tortor.",17.10.2012,1
58,4,3,44,76,9,sed dolor.,"Lorem ipsum dolor sit amet, consectetuer adipiscing elit. Curabitur sed tortor. Integer aliquam adipiscing lacus. Ut nec urna et arcu",01.03.2013,1
59,4,2,37,22,1,"faucibus lectus,","Lorem ipsum dolor sit amet, consectetuer adipiscing elit. Curabitur sed tortor. Integer aliquam adipiscing lacus. Ut",22.02.2012,1
60,1,2,63,69,2,"dictum eu,","Lorem ipsum dolor sit amet, consectetuer adipiscing elit.",13.06.2012,1
61,3,2,34,99,6,mi tempor,"Lorem ipsum dolor sit amet, consectetuer adipiscing elit. Curabitur sed tortor. Integer aliquam",17.04.2012,0
62,3,1,5,46,7,"a, scelerisque","Lorem ipsum dolor sit amet, consectetuer adipiscing elit. Curabitur",15.01.2012,0
63,2,4,46,44,2,Nullam feugiat,"Lorem ipsum dolor sit amet, consectetuer adipiscing elit. Curabitur",07.09.2013,0
64,4,1,7,99,10,"ornare, libero","Lorem ipsum dolor sit amet, consectetuer adipiscing elit. Curabitur sed tortor. Integer aliquam adipiscing lacus. Ut nec",20.03.2013,1
65,3,2,37,17,2,pulvinar arcu,"Lorem ipsum dolor sit amet, consectetuer adipiscing elit. Curabitur sed tortor. Integer",25.03.2012,1
66,1,3,12,85,6,risus varius,"Lorem ipsum dolor sit amet, consectetuer adipiscing elit. Curabitur",14.12.2012,1
67,1,4,30,41,4,Nulla eu,"Lorem ipsum dolor sit amet, consectetuer adipiscing elit. Curabitur sed tortor. Integer aliquam adipiscing lacus. Ut nec",09.08.2013,0
68,4,4,7,80,2,Suspendisse commodo,"Lorem ipsum dolor sit amet, consectetuer adipiscing elit. Curabitur sed",26.06.2012,1
69,1,4,1,27,9,sodales nisi,"Lorem ipsum dolor sit amet, consectetuer adipiscing elit. Curabitur sed tortor. Integer aliquam adipiscing lacus. Ut nec urna et arcu",25.04.2013,0
70,4,1,66,55,6,Nulla facilisi.,"Lorem ipsum dolor sit amet, consectetuer adipiscing elit. Curabitur sed tortor. Integer aliquam",06.11.2012,1
71,1,4,14,47,7,adipiscing elit.,"Lorem ipsum dolor sit amet, consectetuer adipiscing elit. Curabitur sed tortor. Integer aliquam adipiscing",09.11.2012,0
72,4,3,21,6,6,"erat, eget","Lorem ipsum dolor sit amet, consectetuer adipiscing elit. Curabitur sed tortor. Integer aliquam adipiscing lacus. Ut nec urna et",15.02.2012,1
73,2,4,66,36,4,massa. Vestibulum,"Lorem ipsum dolor sit amet, consectetuer adipiscing elit. Curabitur sed tortor.",27.12.2013,0
74,1,2,63,62,6,"bibendum sed,","Lorem ipsum dolor sit amet, consectetuer adipiscing elit. Curabitur sed tortor.",02.01.2013,1
75,2,3,14,2,6,"tortor, dictum","Lorem ipsum dolor sit amet, consectetuer adipiscing elit. Curabitur sed tortor. Integer aliquam",17.03.2012,0
76,2,4,36,1,5,sollicitudin orci,"Lorem ipsum dolor sit amet, consectetuer adipiscing elit. Curabitur sed tortor. Integer aliquam adipiscing lacus. Ut",28.10.2012,1
77,2,3,17,68,6,sem magna,"Lorem ipsum dolor sit amet,",23.01.2012,1
78,1,4,15,62,4,est ac,"Lorem ipsum dolor sit amet, consectetuer adipiscing elit. Curabitur sed",13.04.2012,1
79,1,3,51,76,4,sit amet,"Lorem ipsum dolor sit amet, consectetuer adipiscing elit.",30.08.2012,1
80,1,3,55,46,2,dui. Fusce,"Lorem ipsum dolor sit amet, consectetuer adipiscing elit. Curabitur sed",08.04.2012,0
81,1,3,9,65,3,"rhoncus id,","Lorem ipsum dolor sit amet, consectetuer adipiscing elit.",14.05.2012,0
82,1,2,64,41,1,"nisl sem,","Lorem ipsum dolor sit amet, consectetuer",16.01.2013,0
83,4,4,68,10,1,"mauris elit,","Lorem ipsum dolor sit amet, consectetuer adipiscing elit. Curabitur sed tortor. Integer aliquam adipiscing lacus. Ut nec urna",10.10.2013,0
84,4,3,41,3,2,ac sem,"Lorem ipsum dolor sit amet, consectetuer adipiscing elit. Curabitur sed tortor. Integer",28.06.2012,0
85,2,3,60,75,8,cursus. Integer,"Lorem ipsum dolor sit amet,",08.06.2013,1
86,3,4,13,54,2,Morbi sit,"Lorem ipsum dolor sit amet, consectetuer adipiscing elit. Curabitur sed tortor. Integer aliquam adipiscing lacus. Ut nec",08.11.2012,1
87,1,3,4,23,9,ipsum nunc,"Lorem ipsum dolor sit amet, consectetuer adipiscing elit. Curabitur sed",18.07.2012,1
88,3,4,59,66,9,ornare lectus,"Lorem ipsum dolor sit amet, consectetuer adipiscing elit. Curabitur sed tortor. Integer aliquam adipiscing lacus. Ut nec urna",19.05.2012,0
89,4,3,6,61,8,vulputate ullamcorper,"Lorem ipsum dolor sit amet, consectetuer adipiscing elit. Curabitur sed tortor.",27.01.2012,0
90,1,3,59,23,9,"hendrerit id,","Lorem ipsum dolor sit amet, consectetuer adipiscing",17.01.2013,0
91,2,1,17,20,2,"rutrum non,","Lorem ipsum dolor sit amet, consectetuer adipiscing elit. Curabitur sed tortor. Integer aliquam adipiscing lacus. Ut nec urna et arcu",18.06.2012,1
92,2,4,24,34,2,augue ac,"Lorem ipsum dolor sit amet, consectetuer adipiscing elit. Curabitur sed tortor. Integer aliquam adipiscing lacus.",02.03.2012,0
93,4,3,43,69,9,consectetuer adipiscing,"Lorem ipsum dolor sit amet, consectetuer adipiscing elit. Curabitur sed tortor. Integer aliquam adipiscing lacus. Ut nec urna et arcu",21.09.2012,1
94,3,4,10,43,4,"ornare, facilisis","Lorem ipsum dolor sit amet, consectetuer adipiscing elit. Curabitur sed tortor.",11.06.2012,1
95,3,3,62,68,3,"Integer vulputate,","Lorem ipsum dolor sit amet, consectetuer adipiscing elit. Curabitur sed",10.11.2013,1
96,3,3,6,84,9,egestas lacinia.,"Lorem ipsum dolor sit amet, consectetuer adipiscing elit. Curabitur sed tortor. Integer aliquam adipiscing lacus. Ut nec urna",21.04.2013,1
97,2,2,33,36,5,"varius orci,","Lorem ipsum dolor sit amet, consectetuer adipiscing elit. Curabitur",24.01.2013,1
98,1,2,29,63,8,et netus,"Lorem ipsum dolor sit amet, consectetuer adipiscing elit. Curabitur",12.02.2012,0
99,3,1,66,78,1,"Aliquam ornare,","Lorem ipsum dolor sit amet, consectetuer adipiscing elit. Curabitur sed tortor. Integer aliquam",16.06.2013,1
100,4,3,43,86,4,bibendum. Donec,"Lorem ipsum dolor sit amet, consectetuer adipiscing elit. Curabitur sed tortor. Integer aliquam adipiscing lacus.",09.06.2012,1
101,1,3,6,46,8,"tincidunt, neque","Lorem ipsum dolor sit amet, consectetuer adipiscing elit. Curabitur sed tortor. Integer aliquam adipiscing lacus. Ut nec urna et",17.02.2012,1
102,4,4,30,19,9,"mauris, rhoncus","Lorem ipsum dolor sit amet, consectetuer adipiscing elit. Curabitur sed tortor. Integer aliquam adipiscing lacus. Ut",14.11.2013,1
103,4,2,61,27,7,gravida. Aliquam,"Lorem ipsum dolor sit amet,",02.02.2012,1
104,3,1,62,49,3,"nulla magna,","Lorem ipsum dolor sit amet, consectetuer adipiscing elit. Curabitur sed tortor. Integer aliquam",09.07.2012,0
105,2,3,55,19,1,lobortis ultrices.,"Lorem ipsum dolor sit amet, consectetuer",15.07.2012,1
106,3,2,11,44,7,nibh. Phasellus,"Lorem ipsum dolor sit amet, consectetuer",14.08.2013,0
107,1,4,48,82,9,Aliquam nisl.,"Lorem ipsum dolor sit amet, consectetuer adipiscing elit. Curabitur sed",05.02.2012,0
108,4,1,65,20,1,dui quis,"Lorem ipsum dolor sit amet, consectetuer adipiscing elit. Curabitur sed tortor. Integer aliquam",04.08.2012,0
109,1,2,48,10,10,"vulputate dui,","Lorem ipsum dolor sit amet,",31.08.2012,1
110,1,1,1,89,1,fames ac,"Lorem ipsum dolor sit amet, consectetuer adipiscing elit. Curabitur",17.08.2012,0
111,4,4,7,84,7,"semper egestas,","Lorem ipsum dolor sit amet, consectetuer adipiscing elit. Curabitur",31.08.2013,1
112,3,1,54,66,7,adipiscing. Mauris,"Lorem ipsum dolor sit amet, consectetuer adipiscing",07.10.2012,1
113,3,4,58,57,6,volutpat nunc,"Lorem ipsum dolor sit amet, consectetuer adipiscing",03.10.2013,1
114,1,1,51,15,3,et arcu,"Lorem ipsum dolor sit amet, consectetuer adipiscing elit. Curabitur sed tortor.",18.04.2013,0
115,4,3,3,65,10,"ultrices a,","Lorem ipsum dolor sit amet, consectetuer adipiscing elit.",19.12.2013,1
116,2,4,13,15,3,pede. Cum,"Lorem ipsum dolor sit amet, consectetuer adipiscing elit. Curabitur sed tortor. Integer aliquam adipiscing lacus. Ut nec urna",12.05.2013,1
117,1,3,29,74,6,"non, dapibus","Lorem ipsum dolor sit amet, consectetuer adipiscing elit. Curabitur sed tortor. Integer aliquam adipiscing",28.03.2012,1
118,3,2,55,89,3,lorem semper,"Lorem ipsum dolor sit amet, consectetuer",20.04.2012,0
119,3,1,65,63,5,Donec est,"Lorem ipsum dolor sit amet, consectetuer adipiscing",06.06.2013,1
120,1,2,5,40,7,interdum. Nunc,"Lorem ipsum dolor sit amet, consectetuer adipiscing elit.",22.11.2012,1
121,3,3,37,18,2,Nam interdum,"Lorem ipsum dolor sit amet, consectetuer adipiscing elit. Curabitur sed tortor. Integer aliquam adipiscing lacus. Ut nec",04.11.2012,1
122,2,3,54,66,8,et netus,"Lorem ipsum dolor sit amet, consectetuer adipiscing elit. Curabitur sed tortor. Integer aliquam adipiscing lacus. Ut nec urna et",07.05.2013,0
123,4,4,8,40,10,sit amet,"Lorem ipsum dolor sit amet, consectetuer adipiscing elit. Curabitur sed",07.11.2012,0
124,3,2,36,18,4,Nullam vitae,"Lorem ipsum dolor sit amet, consectetuer adipiscing elit. Curabitur sed tortor. Integer aliquam adipiscing lacus. Ut nec urna et arcu",03.08.2013,1
125,2,2,9,62,6,"dictum mi,","Lorem ipsum dolor sit amet, consectetuer adipiscing elit. Curabitur sed tortor. Integer",22.12.2012,1
126,3,2,41,28,2,"blandit at,","Lorem ipsum dolor sit amet, consectetuer adipiscing elit. Curabitur sed tortor. Integer aliquam adipiscing lacus. Ut nec",02.11.2012,0
127,2,4,33,36,1,"eget, venenatis","Lorem ipsum dolor sit amet, consectetuer adipiscing elit. Curabitur sed tortor. Integer",24.06.2013,1
128,1,4,58,49,8,"placerat eget,","Lorem ipsum dolor sit amet, consectetuer adipiscing elit. Curabitur sed tortor.",30.09.2013,0
129,2,3,54,83,5,lobortis. Class,"Lorem ipsum dolor sit amet, consectetuer adipiscing elit. Curabitur sed tortor. Integer aliquam adipiscing lacus. Ut nec",28.11.2013,1
130,3,2,19,63,9,Duis at,"Lorem ipsum dolor sit amet, consectetuer adipiscing elit. Curabitur sed tortor. Integer aliquam adipiscing lacus. Ut",24.03.2013,0
131,4,1,41,97,10,sapien. Nunc,"Lorem ipsum dolor sit amet, consectetuer adipiscing elit. Curabitur sed tortor. Integer aliquam adipiscing",29.05.2013,0
132,1,2,42,76,2,erat. Etiam,"Lorem ipsum dolor sit amet, consectetuer adipiscing elit. Curabitur sed tortor. Integer aliquam adipiscing lacus. Ut nec urna et",16.09.2013,0
133,3,3,21,6,10,et pede.,"Lorem ipsum dolor sit amet,",26.05.2012,0
134,2,2,6,26,4,consectetuer adipiscing,"Lorem ipsum dolor sit amet, consectetuer adipiscing elit. Curabitur sed tortor. Integer",01.06.2012,0
135,4,1,10,91,1,scelerisque dui.,"Lorem ipsum dolor sit amet,",15.10.2013,0
136,1,3,62,36,7,"sit amet,","Lorem ipsum dolor sit amet, consectetuer adipiscing elit. Curabitur sed tortor. Integer aliquam adipiscing lacus. Ut nec",17.12.2013,0
137,2,1,19,39,2,"iaculis enim,","Lorem ipsum dolor sit amet, consectetuer adipiscing elit. Curabitur sed tortor. Integer aliquam adipiscing lacus. Ut nec urna",24.05.2012,1
138,3,4,55,90,8,risus quis,"Lorem ipsum dolor sit amet, consectetuer",14.10.2013,1
139,2,1,40,41,10,"cursus in,","Lorem ipsum dolor sit amet, consectetuer adipiscing elit. Curabitur sed tortor. Integer aliquam",21.04.2013,0
140,1,2,33,83,2,ornare. In,"Lorem ipsum dolor sit amet,",30.10.2013,1
141,2,2,2,51,6,blandit. Nam,"Lorem ipsum dolor sit amet,",09.12.2012,0
142,4,4,5,49,1,Donec est,"Lorem ipsum dolor sit amet, consectetuer adipiscing",06.03.2012,0
143,2,3,56,31,3,"lectus pede,","Lorem ipsum dolor sit amet, consectetuer adipiscing elit. Curabitur sed tortor.",12.01.2013,0
144,3,4,23,88,2,"semper et,","Lorem ipsum dolor sit amet, consectetuer adipiscing elit. Curabitur sed tortor. Integer aliquam",17.02.2013,1
145,3,3,2,22,4,et malesuada,"Lorem ipsum dolor sit amet, consectetuer adipiscing elit. Curabitur sed tortor.",04.11.2012,0
146,4,2,47,97,6,"imperdiet, erat","Lorem ipsum dolor sit amet, consectetuer adipiscing elit. Curabitur sed",26.06.2012,1
147,3,1,17,82,5,lacus. Etiam,"Lorem ipsum dolor sit amet, consectetuer adipiscing elit. Curabitur",12.12.2012,0
148,3,3,2,69,10,ligula. Nullam,"Lorem ipsum dolor sit amet, consectetuer adipiscing elit.",03.02.2013,1
149,1,1,57,47,3,"malesuada ut,","Lorem ipsum dolor sit amet, consectetuer adipiscing elit. Curabitur sed tortor. Integer aliquam adipiscing lacus.",23.10.2013,0
150,3,2,11,22,1,"sit amet,","Lorem ipsum dolor sit amet, consectetuer adipiscing",24.04.2012,1
151,3,2,30,11,1,Curae; Donec,"Lorem ipsum dolor sit amet, consectetuer adipiscing elit. Curabitur",03.07.2013,1
152,2,2,19,32,9,"accumsan convallis,","Lorem ipsum dolor sit amet, consectetuer adipiscing elit. Curabitur sed tortor. Integer aliquam adipiscing lacus. Ut nec urna et",23.09.2012,1
153,3,3,25,99,10,"nec, leo.","Lorem ipsum dolor sit amet, consectetuer adipiscing",02.10.2012,1
154,2,2,52,37,9,mollis lectus,"Lorem ipsum dolor sit amet, consectetuer adipiscing elit. Curabitur sed tortor. Integer aliquam adipiscing lacus. Ut nec urna et arcu",03.06.2013,0
155,2,2,41,32,2,"varius ultrices,","Lorem ipsum dolor sit amet, consectetuer adipiscing elit. Curabitur sed tortor. Integer aliquam adipiscing lacus. Ut nec urna et",23.03.2012,0
156,1,1,57,93,7,arcu vel,"Lorem ipsum dolor sit amet, consectetuer adipiscing elit. Curabitur sed tortor. Integer aliquam adipiscing lacus. Ut nec",09.11.2013,0
157,2,1,20,34,2,est tempor,"Lorem ipsum dolor sit amet, consectetuer adipiscing elit. Curabitur sed tortor. Integer aliquam adipiscing lacus. Ut nec urna",30.12.2013,0
158,4,3,53,59,5,ante ipsum,"Lorem ipsum dolor sit amet,",01.05.2012,1
159,1,3,6,26,5,"pharetra ut,","Lorem ipsum dolor sit amet, consectetuer adipiscing elit. Curabitur sed tortor. Integer aliquam adipiscing lacus. Ut",11.11.2012,1
160,1,3,34,72,3,molestie pharetra,"Lorem ipsum dolor sit amet,",18.06.2013,1
161,2,2,2,57,8,"vulputate, risus","Lorem ipsum dolor sit amet, consectetuer adipiscing elit. Curabitur sed tortor. Integer aliquam adipiscing lacus. Ut nec urna et arcu",10.12.2012,0
162,2,3,5,98,5,dolor vitae,"Lorem ipsum dolor sit amet, consectetuer adipiscing elit. Curabitur sed tortor. Integer aliquam adipiscing lacus. Ut",19.05.2013,1
163,4,4,58,21,8,malesuada. Integer,"Lorem ipsum dolor sit amet, consectetuer adipiscing elit. Curabitur sed tortor. Integer aliquam adipiscing lacus. Ut nec",07.07.2013,1
164,1,2,42,36,6,tincidunt orci,"Lorem ipsum dolor sit amet,",05.06.2013,1
165,4,1,38,61,10,lectus rutrum,"Lorem ipsum dolor sit amet, consectetuer",23.12.2012,0
166,1,1,29,64,3,Integer vitae,"Lorem ipsum dolor sit amet, consectetuer adipiscing elit.",14.03.2012,0
167,4,1,17,72,6,interdum libero,"Lorem ipsum dolor sit amet, consectetuer adipiscing elit. Curabitur sed tortor. Integer aliquam adipiscing",25.01.2012,1
168,1,1,3,79,8,non nisi.,"Lorem ipsum dolor sit amet, consectetuer adipiscing elit. Curabitur sed tortor. Integer aliquam adipiscing lacus. Ut nec",14.07.2012,1
169,1,2,18,11,8,ligula consectetuer,"Lorem ipsum dolor sit amet, consectetuer adipiscing elit. Curabitur sed tortor. Integer aliquam",03.02.2012,0
170,2,4,45,77,1,pede sagittis,"Lorem ipsum dolor sit amet, consectetuer adipiscing elit. Curabitur sed tortor. Integer aliquam adipiscing lacus. Ut nec",17.08.2012,0
171,4,1,51,44,1,"eget, ipsum.","Lorem ipsum dolor sit amet, consectetuer",09.02.2012,0
172,2,1,4,27,3,at fringilla,"Lorem ipsum dolor sit amet, consectetuer adipiscing elit. Curabitur sed tortor. Integer aliquam adipiscing lacus. Ut nec urna et",12.04.2013,0
173,1,1,35,91,6,vestibulum massa,"Lorem ipsum dolor sit amet, consectetuer adipiscing elit. Curabitur sed tortor. Integer aliquam adipiscing lacus. Ut nec urna et",21.10.2012,1
174,4,3,54,3,4,"ante, iaculis","Lorem ipsum dolor sit amet,",15.04.2012,0
175,3,4,48,56,1,tellus sem,"Lorem ipsum dolor sit amet, consectetuer adipiscing elit. Curabitur sed tortor. Integer aliquam adipiscing lacus. Ut nec urna",15.04.2012,1
176,4,4,60,18,7,interdum feugiat.,"Lorem ipsum dolor sit amet, consectetuer adipiscing elit. Curabitur sed tortor. Integer aliquam adipiscing",24.06.2013,1
177,4,1,49,45,1,ac facilisis,"Lorem ipsum dolor sit amet, consectetuer adipiscing elit. Curabitur sed tortor. Integer",24.06.2013,0
178,1,1,5,54,8,Sed nunc,"Lorem ipsum dolor sit amet, consectetuer adipiscing elit. Curabitur sed tortor. Integer aliquam adipiscing lacus. Ut nec",02.02.2013,0
179,4,2,60,96,3,"placerat, orci","Lorem ipsum dolor sit amet, consectetuer adipiscing elit. Curabitur sed tortor. Integer aliquam",12.01.2013,0
180,3,2,26,21,2,Maecenas mi,"Lorem ipsum dolor sit amet, consectetuer adipiscing elit. Curabitur sed tortor. Integer aliquam adipiscing lacus. Ut nec urna et arcu",07.10.2012,0
181,4,3,38,8,3,"auctor vitae,","Lorem ipsum dolor sit amet, consectetuer",08.08.2012,0
182,1,1,67,92,3,erat vel,"Lorem ipsum dolor sit amet, consectetuer adipiscing elit.",07.11.2013,0
183,1,1,8,45,8,penatibus et,"Lorem ipsum dolor sit amet, consectetuer adipiscing elit. Curabitur sed tortor. Integer aliquam adipiscing lacus.",27.10.2013,0
184,1,4,32,19,10,vel est,"Lorem ipsum dolor sit amet, consectetuer adipiscing elit. Curabitur",16.08.2012,1
185,1,4,70,40,8,Donec egestas.,"Lorem ipsum dolor sit amet, consectetuer adipiscing elit. Curabitur sed tortor. Integer aliquam adipiscing lacus. Ut nec urna",14.09.2013,1
186,2,4,62,54,6,interdum enim,"Lorem ipsum dolor sit amet, consectetuer adipiscing elit. Curabitur sed tortor. Integer aliquam adipiscing lacus.",09.08.2013,1
187,1,4,10,88,5,Etiam ligula,"Lorem ipsum dolor sit amet, consectetuer adipiscing",13.04.2012,0
188,4,3,46,71,1,mattis velit,"Lorem ipsum dolor sit amet, consectetuer adipiscing elit. Curabitur sed tortor. Integer aliquam adipiscing lacus.",01.11.2012,0
189,3,3,38,52,8,"sodales at,","Lorem ipsum dolor sit amet, consectetuer adipiscing elit. Curabitur sed tortor. Integer",14.04.2012,1
190,1,2,37,63,5,"nonummy ut,","Lorem ipsum dolor sit amet, consectetuer adipiscing elit. Curabitur sed",04.09.2012,1
191,4,2,32,43,3,"et, rutrum","Lorem ipsum dolor sit amet, consectetuer adipiscing elit. Curabitur sed tortor. Integer aliquam adipiscing lacus. Ut nec urna et",28.01.2013,0
192,1,3,51,19,5,"vitae, sodales","Lorem ipsum dolor sit amet, consectetuer adipiscing elit. Curabitur sed",11.06.2012,0
193,4,4,51,69,3,turpis. Aliquam,"Lorem ipsum dolor sit amet, consectetuer adipiscing elit. Curabitur sed tortor. Integer aliquam adipiscing lacus.",17.10.2013,0
194,3,1,67,98,4,per inceptos,"Lorem ipsum dolor sit amet, consectetuer adipiscing elit. Curabitur sed tortor. Integer aliquam",26.02.2012,0
195,3,1,57,97,6,"lacinia orci,","Lorem ipsum dolor sit amet, consectetuer adipiscing elit. Curabitur sed tortor. Integer aliquam adipiscing lacus. Ut nec urna et arcu",08.11.2012,1
196,1,3,66,73,1,ad litora,"Lorem ipsum dolor sit amet, consectetuer adipiscing elit. Curabitur sed tortor. Integer aliquam adipiscing lacus. Ut nec urna et",25.01.2013,0
197,1,3,49,34,9,Vivamus euismod,"Lorem ipsum dolor sit amet, consectetuer adipiscing elit. Curabitur sed tortor. Integer aliquam adipiscing lacus.",22.07.2013,0
198,3,3,28,94,9,"dolor, nonummy","Lorem ipsum dolor sit amet, consectetuer adipiscing elit. Curabitur sed",14.01.2013,1
199,4,1,40,54,9,luctus. Curabitur,"Lorem ipsum dolor sit amet, consectetuer adipiscing elit. Curabitur",23.08.2013,0